{"v":"5.5.5","fr":60,"ip":0,"op":91,"w":128,"h":128,"nm":"_star","ddd":0,"assets":[],"layers":[{"ddd":0,"ind":1,"ty":4,"nm":"Lueur Copy","sr":1,"ks":{"o":{"a":1,"k":[{"i":{"x":[0.1],"y":[1]},"o":{"x":[0.167],"y":[0.167]},"t":0,"s":[0]},{"t":90,"s":[100]}],"ix":11},"r":{"a":1,"k":[{"i":{"x":[0.1],"y":[1]},"o":{"x":[0.167],"y":[0.167]},"t":0,"s":[-180]},{"t":90,"s":[0]}],"ix":10},"p":{"a":0,"k":[64,64,0],"ix":2},"a":{"a":0,"k":[0,0,0],"ix":1},"s":{"a":1,"k":[{"i":{"x":[0.1,0.1,0.1],"y":[1,1,1]},"o":{"x":[0.167,0.167,0.167],"y":[0.167,0.167,-33.333]},"t":0,"s":[300,300,100]},{"t":90,"s":[100,100,100]}],"ix":6}},"ao":0,"shapes":[{"ty":"gr","it":[{"ind":0,"ty":"sh","ix":1,"ks":{"a":1,"k":[{"i":{"x":0.1,"y":1},"o":{"x":0.167,"y":0.167},"t":0,"s":[{"i":[[0,0],[0,0],[0,0],[0.51,1.52],[0,0],[0,0],[0.51,-0.17],[0.09,-0.3],[0,0],[0,0],[1.84,0.066],[0,0],[0,0],[-0.17,-0.51],[-0.3,-0.1],[0,0],[0,0],[-0.289,-2.357],[0,0],[0,0],[-0.51,0.17],[-0.09,0.3],[0,0],[0,0],[-1.896,0.223],[0,0],[0,0],[0.17,0.51],[0.3,0.1]],"o":[[0,0],[0,0],[-2.771,-0.19],[0,0],[0,0],[-0.16,-0.51],[-0.29,0.09],[0,0],[0,0],[-0.268,2.232],[0,0],[0,0],[-0.51,0.17],[0.09,0.29],[0,0],[0,0],[2.229,0.306],[0,0],[0,0],[0.16,0.51],[0.29,-0.09],[0,0],[0,0],[0.157,-2.587],[0,0],[0,0],[0.51,-0.17],[-0.09,-0.29],[0,0]],"v":[[7.33,-0.96],[3.521,-1.268],[3.521,-1.268],[1.21,-4.928],[0.95,-7.33],[0.95,-7.33],[-0.27,-7.95],[-0.88,-7.33],[-1.211,-4.732],[-1.211,-4.732],[-3.507,-1.232],[-7.33,-0.96],[-7.33,-0.96],[-7.95,0.26],[-7.33,0.88],[-3.521,1.194],[-3.521,1.194],[-1.19,4.899],[-0.88,7.33],[-0.88,7.33],[0.34,7.95],[0.95,7.33],[1.177,4.899],[1.177,4.899],[3.521,1.194],[7.33,0.88],[7.33,0.88],[7.95,-0.34],[7.33,-0.96]],"c":true}]},{"t":90,"s":[{"i":[[0,0],[0,0],[0,0],[0.51,1.52],[0,0],[0,0],[0.51,-0.17],[0.09,-0.3],[0,0],[0,0],[1.52,-0.51],[0,0],[0,0],[-0.17,-0.51],[-0.3,-0.1],[0,0],[0,0],[-0.5,-1.53],[0,0],[0,0],[-0.51,0.17],[-0.09,0.3],[0,0],[0,0],[-1.51,0.52],[0,0],[0,0],[0.17,0.51],[0.3,0.1]],"o":[[0,0],[0,0],[-1.51,-0.5],[0,0],[0,0],[-0.16,-0.51],[-0.29,0.09],[0,0],[0,0],[-0.5,1.51],[0,0],[0,0],[-0.51,0.17],[0.09,0.29],[0,0],[0,0],[1.53,0.5],[0,0],[0,0],[0.16,0.51],[0.29,-0.09],[0,0],[0,0],[0.48,-1.52],[0,0],[0,0],[0.51,-0.17],[-0.09,-0.29],[0,0]],"v":[[7.33,-0.96],[4.92,-1.76],[4.92,-1.76],[1.71,-4.97],[0.95,-7.33],[0.95,-7.33],[-0.27,-7.95],[-0.88,-7.33],[-1.69,-4.92],[-1.69,-4.92],[-4.9,-1.71],[-7.33,-0.96],[-7.33,-0.96],[-7.95,0.26],[-7.33,0.88],[-4.92,1.68],[-4.92,1.68],[-1.69,4.92],[-0.88,7.33],[-0.88,7.33],[0.34,7.95],[0.95,7.33],[1.76,4.92],[1.76,4.92],[4.92,1.68],[7.33,0.88],[7.33,0.88],[7.95,-0.34],[7.33,-0.96]],"c":true}]}],"ix":2},"nm":"Path 1","mn":"ADBE Vector Shape - Group","hd":false},{"ty":"fl","c":{"a":0,"k":[1,1,1,1],"ix":4},"o":{"a":0,"k":100,"ix":5},"r":1,"bm":0,"nm":"Fill 1","mn":"ADBE Vector Graphic - Fill","hd":false},{"ty":"tr","p":{"a":0,"k":[0,0],"ix":2},"a":{"a":0,"k":[0,0],"ix":1},"s":{"a":0,"k":[200,200],"ix":3},"r":{"a":0,"k":0,"ix":6},"o":{"a":0,"k":100,"ix":7},"sk":{"a":0,"k":0,"ix":4},"sa":{"a":0,"k":0,"ix":5},"nm":"Transform"}],"nm":"Lueur Copy","np":2,"cix":2,"bm":0,"ix":1,"mn":"ADBE Vector Group","hd":false}],"ip":0,"op":3600,"st":0,"bm":0}],"markers":[]}